cur_epoch,network_rewards_each_epoch,network_error_each_epoch
1,44.36083984375,0.22198877221023
1,44.36083984375,0.22198877221023
