cur_epoch,network_rewards_each_epoch,network_error_each_epoch
1,58.373291015625,0.1957323121921334
2,58.090087890625,0.19424018342148527
